-- CREATE DATABASE LearnEnglish;
USE LearnEnglish;
-- phpMyAdmin SQL Dump
-- version 4.0.7
-- http://www.phpmyadmin.net
--
-- Host: localhost
-- Generation Time: Sep 23, 2016 at 08:24 AM
-- Server version: 5.5.47
-- PHP Version: 5.3.28

SET SQL_MODE = "NO_AUTO_VALUE_ON_ZERO";
SET time_zone = "+00:00";


/*!40101 SET @OLD_CHARACTER_SET_CLIENT=@@CHARACTER_SET_CLIENT */;
/*!40101 SET @OLD_CHARACTER_SET_RESULTS=@@CHARACTER_SET_RESULTS */;
/*!40101 SET @OLD_COLLATION_CONNECTION=@@COLLATION_CONNECTION */;
/*!40101 SET NAMES utf8 */;

--
-- Database: cl19-learneng
--

-- --------------------------------------------------------

--
-- Table structure for table essay
--

CREATE TABLE IF NOT EXISTS essay (
  id int(11) NOT NULL AUTO_INCREMENT,
  question varchar(1000) NOT NULL,
  description mediumtext NOT NULL,
  category varchar(100) NOT NULL,
  date date NOT NULL,
  istemplate varchar(5) NOT NULL,
  PRIMARY KEY (id)
) ENGINE=InnoDB  DEFAULT CHARSET=latin1 AUTO_INCREMENT=22 ;

--
-- Dumping data for table essay
--

INSERT INTO essay (id, question, description, category, date, istemplate) VALUES
(1, 'Discuss and give your opinion.', '<p><u><strong>Introduction paragraph&nbsp;</strong></u></p>\r\n\r\n<ol>\r\n	<li><strong>Introduction to the topic</strong>\r\n\r\n	<ul>\r\n		<li>It is a true fact that ...................... <strong>OR</strong></li>\r\n		<li>Undoubtedly/Irrefutably, ...........&nbsp;</li>\r\n	</ul>\r\n	</li>\r\n	<li><strong>Introduce to an argument</strong>\r\n	<ul>\r\n		<li>Considering this, whether ........ or ....... is a matter of discussion.</li>\r\n	</ul>\r\n	</li>\r\n	<li><strong>Purpose of an essay</strong>\r\n	<ul>\r\n		<li>However, before deducing / outlining a reasonable conclusion, this essay will examine both sides of argument.</li>\r\n	</ul>\r\n	</li>\r\n</ol>\r\n\r\n<p><u><strong>Body 1 - 1st argument</strong></u></p>\r\n\r\n<ol>\r\n	<li><strong>Topic Sentence</strong>\r\n\r\n	<ul>\r\n		<li><span style="font-size:14px">â€‹â€‹â€‹â€‹â€‹â€‹â€‹There is a variety of factors wherein ...... could be supported.</span></li>\r\n	</ul>\r\n	</li>\r\n	<li><strong>Main factor</strong>\r\n	<ul>\r\n		<li><span style="font-size:14px">â€‹â€‹â€‹â€‹â€‹â€‹â€‹â€‹â€‹â€‹â€‹â€‹â€‹â€‹Initially / First and foremost, ......... could be substantial factor to be considered.</span></li>\r\n	</ul>\r\n	</li>\r\n	<li><strong>Explanation</strong>\r\n	<ul>\r\n		<li><span style="font-size:14px">It is generally seen that <strong>........................â€‹â€‹â€‹â€‹â€‹â€‹â€‹â€‹â€‹â€‹â€‹â€‹â€‹â€‹</strong></span></li>\r\n	</ul>\r\n	</li>\r\n	<li><strong>â€‹â€‹â€‹â€‹â€‹â€‹â€‹</strong><strong>Example</strong><strong>â€‹â€‹â€‹â€‹â€‹â€‹â€‹â€‹â€‹â€‹â€‹â€‹â€‹â€‹</strong>\r\n	<ul>\r\n		<li><span style="font-size:14px">For instance, ........... <strong>OR</strong></span></li>\r\n		<li><span style="font-size:14px"><strong>........ </strong>can be taken as examples to support the notion.</span></li>\r\n	</ul>\r\n	</li>\r\n	<li><strong>Supporting factor</strong>\r\n	<ul>\r\n		<li><span style="font-size:14px">â€‹â€‹â€‹â€‹â€‹â€‹â€‹â€‹â€‹â€‹â€‹â€‹â€‹â€‹In addition, ........ may be another noteworthy factor to take into an account / consideration.</span></li>\r\n	</ul>\r\n	</li>\r\n</ol>\r\n\r\n<p><u><strong>Body 2 - 2 argument</strong></u></p>\r\n\r\n<ol>\r\n	<li><strong>Topic Sentence</strong>\r\n\r\n	<ul>\r\n		<li><span style="font-size:14px">â€‹â€‹â€‹â€‹â€‹â€‹â€‹â€‹â€‹â€‹â€‹â€‹â€‹â€‹Despite the factors discussed above regarding .......... , ......... is even a crucial aspect.</span></li>\r\n	</ul>\r\n	</li>\r\n	<li><strong>â€‹â€‹â€‹â€‹â€‹â€‹â€‹Main factor</strong>\r\n	<ul>\r\n		<li><span style="font-size:14px"><strong>â€‹â€‹â€‹â€‹â€‹â€‹â€‹â€‹â€‹â€‹â€‹â€‹â€‹â€‹</strong>........... could be a significant factor / reason.</span></li>\r\n	</ul>\r\n	</li>\r\n	<li><strong>â€‹â€‹â€‹â€‹â€‹â€‹â€‹â€‹â€‹â€‹â€‹â€‹â€‹â€‹Explanation</strong>\r\n	<ul>\r\n		<li><span style="font-size:14px"><strong>â€‹â€‹â€‹â€‹â€‹â€‹â€‹</strong>â€‹â€‹â€‹â€‹â€‹â€‹â€‹It is commonly seen that .............. </span></li>\r\n	</ul>\r\n	</li>\r\n</ol>\r\n\r\n<p><span style="font-size:12px">â€‹â€‹â€‹â€‹â€‹â€‹â€‹</span></p>\r\n\r\n<p><strong><u>Conclusionâ€‹â€‹â€‹â€‹â€‹â€‹â€‹</u></strong></p>\r\n\r\n<p><span style="font-size:14px">In the end, indeed, ............... is &nbsp;quite a complex decision; however, as far as I am concerned, ...............</span></p>\r\n', 'Discussive', '2016-09-20', 'yes'),
(2, 'Do you think consumer should avoid over packed products or it is responsibility of producer to avoid extra packaging of products? Discuss and give your opinion.\r\n', '<p><strong><u>Irrefutably</u>,</strong> in order to make the products more attractive for the buyers, producers use extra packaging.<strong>&nbsp;<u>Considering this, whether</u></strong> consumers must be liable to restrict the use of over pakced products or producers <strong>i<u>s a matter of discussion. However, before outling a reasonable conclusion, this essay will discuss both sides of the argument.</u></strong></p>\r\n\r\n<p><strong><u>There is a variety of factors wherein the</u></strong>&nbsp;role of consumers in avoiding the over packed products <strong><u>could be supported. First and foremost,</u></strong>&nbsp;expensiveness <strong><u>could be a substantial factors to be considered. It is generally seen that</u></strong>&nbsp;producers use extra packaging on their products to make the products more atractive for the customers where the cost of the product increases. Therefore, the buyers are the one, who are over burdened financially to pay the cost of extra packaging along with the cost of product. Costmetic items and some food products <strong><u>can be taken as examples to support the notion. In addition,</u></strong>&nbsp;more garbage after the use of such products <strong><u>may be another noteworthy factor to take into considiration.</u></strong></p>\r\n\r\n<p><strong><u>Despite the factors mentioned above regarding</u>&nbsp;</strong>the responsibility of consumers to avoid extra packed products, the role of the producers <strong><u>in the same context is even crucial aspect</u></strong>. Environmental degradation at larger extent <strong><u>could be a significant reason. It is commonly seen that</u></strong>&nbsp;producers use various toxic chemicals and gases for the production of extra packaging which lastly turns over the main reason of pollution at very large extent.</p>\r\n\r\n<p><strong><u>In the end, Indeed,</u></strong> excessive packaging of the products is detrimental for our environment and who should be responsible for this to avoid <strong>i<u>s quite a complex decision; however, as far as I am concerned,</u></strong> the consumers are more responsible to restrict extra packaging because demand increases the production.</p>\r\n', 'Discussive', '2016-09-19', 'no'),
(3, 'Listening and Writing ::: \r\nListen to the lecture and write summary between 50 to 70 words.', '<p><strong>This lecture encapsultes the </strong>&nbsp;, <strong>concisely and explicitly</strong>. Or <strong>This is an explicit and brief summary which encapsulates the</strong> .</p>\r\n\r\n<p><strong>It is quit evident that although / because / while / despite</strong> ......................., ...............<strong>(not only but also sentence)</strong>.</p>\r\n\r\n<p><strong>Moreover /Besides</strong> ................. <strong>However / Therefore it has been suggested</strong> ...............</p>\r\n', 'Other', '2016-09-23', 'yes'),
(4, 'vegeterian lead to healthier life of not ', '<p>irrefutabley, &nbsp;due to less hygenic food, people nowadyas are shortening their life. Considering this, some analysts inisist that in order to deal with that issue, people should have a good understanding about &nbsp;of healthy food and non vegeterian food is actually not a reason to several health issues. I stunchly agree with the above mentioned viewpoint due to a notable reason.<br />\r\nThere is a pratical factor which affirms the benifit of including meat in food. Increasing protein could be a substantial reason to be consider. It is generally seen that people having meat in their food seems to have enough protein in their body which leads them to a very energetic and powefull person. For example, a recent survey conducted by the VIC roads has revealed that people including right amout of meat in their daily life seems to be more energetic.<br />\r\nIn spite of the reason mentioned above, there are some groups who consider being non vegetarian as a negative step. Not giving value for the animals could be a single most significant reason behind opponent&#39;s view. It is generally seen that killing animals and having meat to become healthy is not the right manner to respect animals. No doubt, killing animals may be bad in one aspect; however, &nbsp;it should also not to be forgotten that people suffering form several health issues not by the type of food they having but the way they having it.<br />\r\nIn brief, being non vegiterain could not justify to the total healthy life, but i still believe that it is not the food that is important but the composition they have it is more important.</p>\r\n', 'Argument', '2016-09-22', 'no'),
(5, 'Question that might appear in PTE', '<p>Dear Students,<br />\r\nPTE essays are normally repetitive, and hence we have attached a list of PTE essays for your perusal.</p>\r\n\r\n<p>Latest Essay Topics for PTE</p>\r\n\r\n<p>1. Do you think consumer should avoid over packed products or it is responsibility of producer to avoid extra packaging of products?&quot; Give your views or any relevant example with your own experience.</p>\r\n\r\n<p>2. Many people think regions affect successful persons. What is your opinion about native regions and accomplished person influence on the regions they belong to</p>\r\n\r\n<p>3. The environment we are living in is in danger due to various problems...so who do u think should be responsible to solve it? Is it the governments, organisation or each individuals?</p>\r\n\r\n<p>4. Nowadays TV has become an essential part of life. Medium to spread news &amp; awareness and for some it acts like a companion. What is your opinion about this?</p>\r\n\r\n<p>5. Company Top level Authorities should or should not take employees suggestions or ideas to take any decisions. Discuss</p>\r\n\r\n<p>6. Successful sports stars and glamorous film stars are a role model for youngsters. Do u support it or not? (Agree/Disagree)</p>\r\n\r\n<p>7. Company Top level Authorities should or should not take employees suggestions or ideas to take any decisions. Discuss</p>\r\n\r\n<p>8. In education system, assessment through written formal examinations is valid or not.</p>\r\n\r\n<p>9. Large shopping malls are replacing small shops. What is your opinion about this? Discuss with appropriate examples.</p>\r\n\r\n<p>10. Talk about the pros/ cons of this era as is full of daily inventions</p>\r\n\r\n<p>11. ANY NEW TECHNOLOGICAL DEVELOPMENT IN THE RECENT YEARS IS A BOON OR CURSE FOR THE SOCIETY IN GENERAL</p>\r\n\r\n<p>12. It is argue that getting married before finishing school or getting a job is not a good choice. To what extent do you agree or disagree?</p>\r\n\r\n<p>13. Parents should be held legally responsible for their children&rsquo;s acts. What is your opinion? Support it with personal examples....</p>\r\n\r\n<p>14. Marketing strategy for big companies should be placed on offer and discounts, and in what ways this can impact on their reputation.</p>\r\n\r\n<p>15. What is the best invention of last 100 years, computer, antibiotics, airplane, and explain why.</p>\r\n\r\n<p>16. Dangerous activities like extreme skiing, bungee jumping etc. and whether u support them or not</p>\r\n\r\n<p>17. Do you think that place where the person grew has an influence on his accomplishments? Explain with example.</p>\r\n\r\n<p>18. Climate change and about the roles that Government, Corporates and Individuals can play to improve it.</p>\r\n\r\n<p>19. Nowadays TV has become an essential part of life. Medium to spread news &amp; awareness and for some it acts like a companion. What is your opinion about this?</p>\r\n\r\n<p>20. Company Top level Authorities should or should not take employees suggestions or ideas to take any decisions. Discuss</p>\r\n\r\n<p>21. Some people believe laws change human behaviour. Do you agree with it?</p>\r\n\r\n<p>22. Illiterate of the future would not be one who does not know to read, but people who does not know how to learn</p>\r\n\r\n<p>23. Positive and negative effects of the information revolution through mass media.</p>\r\n\r\n<p>24. Pros and cons of adventures sports.</p>\r\n\r\n<p>25. Large shopping malls are replacing small shops. What is your opinion about this? Discuss with appropriate examples.</p>\r\n\r\n<p>26. talk about the pros/ cons of this era as is full of daily inventions</p>\r\n\r\n<p>27. dangerous activities like extreme skiing, bungee jumping etc. and weather u support them or not</p>\r\n\r\n<p>28. It is argued that getting married before finishing school or getting a job is not a good choice. To what extent do you agree or disagree?</p>\r\n\r\n<p>29. Imitating celebrities in sports and movies is good or bad<br />\r\n30. Any recent Invention that you think proved beneficial or detrimental to society.</p>\r\n\r\n<p>31. In the past 100 years, there are many inventions such as antibiotics, airplanes and computers. What do you think is the most important invent for the past 100 years? Why?</p>\r\n\r\n<p>32. Do you think that formal written examinations are a good way to assess knowledge at school?</p>\r\n\r\n<p>33. Information revolution has changed the ways of mass communication and had some negative and positive effects on individuals&rsquo; lives as well as on society. To what extent you are agree or disagree ?</p>\r\n\r\n<p>34. Learning a new language at an early age is helpful for children. Is it more positive for their future aspect or have some adverse effects. Do u agree or disagree? Give examples from your experience.</p>\r\n\r\n<p>35. In under developed countries, tourism has disadvantages and can be said the opposite as well.</p>\r\n\r\n<p>36. Communication has changed significantly in the last 10 years. Discuss the positive and negative impacts of this change.</p>\r\n\r\n<p>37. Education is the biggest barrier in my learning - Einstein. What do you mean by this? And do you think Einstein was correct in saying that.</p>\r\n\r\n<p>38. Positive and Negative effects of today&#39;s communication.</p>\r\n\r\n<p>39. Discuss both sides of Space travel vs. current crucial problems faced by human?</p>\r\n\r\n<p>40. Do you think English will remain to be a global language despite globalisation?</p>\r\n\r\n<p>41. Some people think placing advertisements in schools is a great resource for public schools that need additional funding, but others think it exploits children by treating them as a captive audience for corporate sponsors. Choose which position you most agree with and discuss why you chose that position. Support your point of view with details from your own experiences, observations or reading.</p>\r\n\r\n<p>42. Television has many useful functions to play in everyone&#39;s life, for some its relaxation, for some it is companion. Discuss your viewpoint and support your answer with examples and discussion point.</p>\r\n\r\n<p>43. You are given climate as the field of study. Which area will you prefer? Explain why you picked up the particular area for your study?</p>\r\n\r\n<p>44. People pursue dangerous activities like sky diving, motorcycle sports, white-water river rafting etc. Do you support? If yes, why and if not, why?</p>\r\n\r\n<p>45. .&#39;In future illiterate will not be those who cannot read, but those who do not learn&#39; - By some writer. Discuss what do you understand by this statement and state your reason.</p>\r\n', 'Other', '2016-09-22', 'yes');
INSERT INTO essay (id, question, description, category, date, istemplate) VALUES
(6, 'General idea for writing', '<h3>PTE Academic Essay Questions and Ideas</h3>\r\n\r\n<div>\r\n<div>&nbsp;</div>\r\n</div>\r\n\r\n<div id="post-body-6671491475588218061">So I have collected as many PTE Essay questions as I could and you are more likely to get either one or two of these questions. Thanks to expat forum. I will try to update if I see any more new questions. I have also researched some ideas about these topics&nbsp;online and posted here. You do not memorize these, not possible. There are too many&nbsp;of them but by reading these, you will get the rough idea what to write.&nbsp;<br />\r\n<br />\r\nBut if you are extremely unlucky, you might get an essay topic which&nbsp;is not&nbsp;included&nbsp;in this list. And if you do get a new essay, please post it in this comment sections so that others can see it. If we help others, we get good Karma which will give you good vibes in anything you do. Good Luck :)<br />\r\nAnd if you appreciate my effort, please do leave a comment or two in comments sections here. That way I feel happy that my effort has been appreciated. Thank you.&nbsp;<br />\r\n<br />\r\n-------------------------<br />\r\n<br />\r\n&nbsp;\r\n<div>1.Do you think consumers should avoid over packaged products or is it the responsibility of producers?</div>\r\n&nbsp;\r\n\r\n<div>2.Many people think that regions affect successful person. What is your opinion about native region and accomplished person&rsquo;s influence on the region he belongs to.</div>\r\n&nbsp;\r\n\r\n<div>3.Roles of governments, companies and individuals to combat climate change</div>\r\n&nbsp;\r\n\r\n<div>4. Nowadays, the mass media including TV, radio and newspaper have become the essential part of our lives. What is your opinion?</div>\r\n&nbsp;\r\n\r\n<div>5. The mass media including TV, Radio and newspaper influence our society and shape our opinions and characters. What is your opinion?</div>\r\n&nbsp;\r\n\r\n<div>6.Company&rsquo;s top level authorities should get their employees in decision making process. Discuss</div>\r\n&nbsp;\r\n\r\n<div>7. Some people think law changes our behaviour. Discuss.</div>\r\n&nbsp;\r\n\r\n<div>8. Pros and Cons of expreme/adventure sports.</div>\r\n&nbsp;\r\n\r\n<div>9. The environment we live in is in danger due to various problems. What are the underlying causes? Who is responsible to combat this? What measures?</div>\r\n&nbsp;\r\n\r\n<div>10.In education system, assessment through formal written examination still valid?</div>\r\n&nbsp;\r\n\r\n<div>11.Large shopping malls are replacing small shops. Your opinion? Good or bad</div>\r\n&nbsp;\r\n\r\n<div>12. Nowadays, people spend too much time at work to the extent that they hardly have time for their personal life. Discuss.</div>\r\n&nbsp;\r\n\r\n<div>13. It is usually foolish to get married before completing your studies and getting established in a good job? Do you agree or disagree&quot;.</div>\r\n&nbsp;\r\n\r\n<div>14. Some people believe law changes human behaviour. Do you agree/disagree?</div>\r\n&nbsp;\r\n\r\n<div>15. Talk about pros/cons of this era as it is full of daily inventions</div>\r\n&nbsp;\r\n\r\n<div>16. Imitating celebrities in sports and movies good or bad?</div>\r\n&nbsp;\r\n\r\n<div>17. Any recent invention that you think proved beneficial or detrimental to society</div>\r\n&nbsp;\r\n\r\n<div>18. In the past 100 years, there have been many inventions such as antibiotics, airplanes and computers. What do you think is the most important of them? Why?&nbsp;Greatest invention in the last 100 years, medicine, sciene or technology?</div>\r\n&nbsp;\r\n\r\n<div>19. Information revolution has changed the way of mass communications and had some negative and positive effects on individual lives as well as on society. To what extent do you agree or disagree?</div>\r\n&nbsp;\r\n\r\n<div>20.Learning a new language at an early age is helpful for children. Is it more positive ofr their future aspect or have some adverse effects. Agree or disagree?</div>\r\n&nbsp;\r\n\r\n<div>21.What are the greatest inventions of the 20<sup>th</sup>&nbsp;century among medicine, aeroplane and computers, why?</div>\r\n&nbsp;\r\n\r\n<div>22. In under developed countries, tourism has disadvantages and can be said the opposite as well.</div>\r\n&nbsp;\r\n\r\n<div>\r\n<div>23. Communication has changed significantly in the last 10 yers. Disucss pros and cons impacts.</div>\r\n\r\n<div>24. The only thing that interfere with my leaning is my education- Einstein. What does he mean by that? And do you think he is correct?</div>\r\n\r\n<div>25. The illiterate of the 21st century will not be those who cannot read and write, but those who cannot learn, unlearn, and relearn. Agree or Diagree?&nbsp;<br />\r\n<br />\r\n26. &quot;Value added by travel in Education Is travel a necessary component of education or not ? Will scholar sitting at home have more knowledge than one who travels ? &quot;<br />\r\n27. &quot;Marketing strategy for big companies should be placed on offer and discounts, and in what ways this can impact on their reputation<br />\r\n28. Travel to study is over rated, we have brilliant scholars who studied locally. Is travel really required for higher studies?<br />\r\n29. The space tavel is fantastic these day and they are very fascinate towards its but there are many environmental problems in our planet we should resolve the problems or travel space and spend alot of money<br />\r\n30. &ldquo;In a war of ideas, it is people who get killed&rdquo;. Does a common man suffer from a group&rsquo;s ideology? Express your opinion, and support the same with reasons and examples.<br />\r\n31. In a war of ideas, it is people who get killed&rdquo;. Does a common man suffer from a group&rsquo;s ideology? Express your opinion, and support the same with reasons and examples.</div>\r\n</div>\r\n&nbsp;\r\n\r\n<div>&nbsp;</div>\r\n&nbsp;\r\n\r\n<div><strong>1. Extreme sports</strong>, sky-diving, bungee-jumping, risky pursuits, the real dangers of various high-risk pursuits, turning extreme sports into a multi-billion dollar global industry, parachuting, numerous fatal accidents, daredevils, scuba-diving, marathon running, Over the past decade, extreme sports have become extremely popular. And so have extreme injuries. Between 2000 and 2011, more than four million injuries were attributed to extreme sports. and some kids try to emulate his tricks</div>\r\n&nbsp;\r\n\r\n<div>\r\n<div>Extreme sports bring excitement and thrill. The daring participants say extreme sports are all about the thrill and the sense of accomplishment they get. They&#39;re climbing higher, jumping farther and moving faster, all in the name of personal glory. Still, when things go wrong, they pay a heavy price. Humans aren&#39;t supposed to fly</div>\r\n</div>\r\n&nbsp;\r\n\r\n<div><strong>2.Packaging</strong>&nbsp;ensures that people can buy and use products when they want them, in good condition and with little wastage. However, many people think some goods have too much packaging. Snacks intended to be eaten on the move are an example of products where the consumer could easily assemble the components him/herself without the need for packaging.</div>\r\n&nbsp;\r\n\r\n<div>The packaged goods industry is highly competitive, and packaging manufacturers, packaged goods producers and retailers are all under pressure to come up with new and better packaging solutions. No business wants to spend more on packaging than it has to and the fewer resources the packaging needs, the lower its cost.</div>\r\n&nbsp;\r\n\r\n<div>Also, companies see to have gone overboard on packaging &ndash; they put food in trays, inside a box, inside a plastic container with with cardboard wrap around to explain what it is. For instance, MacDonalds is the first to over-package their food and encourage people to eat while walking &ndash; hence they throw it on the street.</div>\r\n&nbsp;\r\n\r\n<div>\r\n<div><strong>3.Hometown</strong></div>\r\n\r\n<div>Success in any area of life never happens in a complete vacuum. Often it is just as much dependent on an individual&rsquo;s will-power and intelligence as it is on their environment and outside circumstances.</div>\r\n\r\n<div>To find happiness and success, you therefore need to pay attention and take some control over the type of environments you are surrounding yourself in on a daily basis; even the strongest and brightest of minds will find it difficult to achieve their goals if they are in a completely wrong environment for them.&nbsp;</div>\r\n\r\n<div>This is because every aspect of your external life has some influence over your internal thoughts and behaviors, especially the people you surround yourself with on a daily basis, and the type of places where you spend most of your time.</div>\r\n\r\n<div>The first main aspect of our environment that influences our success is the people we surround ourselves with on a daily basis.For example, surrounding yourself with friends who are more self-disciplined can also help you become more self-disciplined. This is just one of many examples of how our social network can have an influence over our own behavior and goal-seeking.It fits well with other research that shows if you hang around people who are obese and unhealthy, it&rsquo;s more likely you will become obese and unhealthy. And if you hang around with people who are lazy and don&rsquo;t study for class, it&rsquo;s likely you&rsquo;ll end up with similar grades as them too.</div>\r\n\r\n<div>The second main aspect of our environment that influences our success is the places we spend most of our time at.For example, one important factor that has shown to increase productivity and happiness is giving people some freedom to design their own workplace.Taking ownership over where you spend your time allows you to choose an environment that motivates and inspires you. A good environment for success should keep your senses stimulated and awake while you work on your goals, while not being too distracting.</div>\r\n\r\n<div>At the end of the day, you can&rsquo;t meet your full potential for success unless you find an environment that brings out the very best in you.</div>\r\n\r\n<div>&nbsp;</div>\r\n</div>\r\n&nbsp;\r\n\r\n<div><strong>4.Climate Change/Global Warming</strong></div>\r\n&nbsp;\r\n\r\n<div>But what really is the proper role for individuals and institutions in addressing climate change? An immediate and natural response may be that everyone should do their part</div>\r\n&nbsp;\r\n\r\n<div>Decisions affecting carbon dioxide (CO2) emissions, for example, are made primarily by companies and consumers. This includes decisions by companies about how to produce electricity, as well as thousands of other goods and services; and decisions by consumers regarding what to buy, how to transport themselves, and how to keep their homes warm, cool, and light.</div>\r\n&nbsp;\r\n\r\n<div>In order to effectively address global warming, we must significantly reduce the amount of heat-trapping emissions we are putting into the atmosphere. As individuals, we can help by taking action to reduce our personal carbon emissions. But to fully address the threat of global warming, we must demand action from our elected leaders to support and implement a comprehensive set of climate solutions:</div>\r\n&nbsp;\r\n\r\n<div>&nbsp;Expand the use of renewable energy and transform our energy system to a cleaner one</div>\r\n&nbsp;\r\n\r\n<div>Place limits on the amount of carbon that polluters are allowed to emit.</div>\r\n&nbsp;\r\n\r\n<div>&nbsp;Build a clean energy economy by investing in efficient energy technologies, industries, and approaches.</div>\r\n&nbsp;\r\n\r\n<div>\r\n<div>&nbsp;Reduce tropical deforestation and its associated global warming emissions.</div>\r\n</div>\r\n&nbsp;\r\n\r\n<div><strong>5.Television</strong></div>\r\n&nbsp;\r\n\r\n<div>1.Television is now playing a very important role in our lives.</div>\r\n&nbsp;\r\n\r\n<div>2. Television is not only a convenient source of entertainment, but also a comparative cheap one.</div>\r\n&nbsp;\r\n\r\n<div>3. Television keeps you informed about current events. It allows you to follow the latest developments in science and politics.</div>\r\n&nbsp;\r\n\r\n<div>4. Many television programs introduce people to things they never thought of before and have never heard of before.</div>\r\n&nbsp;\r\n\r\n<div>5. Television has been good company to those who do not work, like housewives, lonely old people, etc.</div>\r\n&nbsp;\r\n\r\n<div>6. People all around the world are no longer distant and isolated from each other.</div>\r\n&nbsp;\r\n\r\n<div>7.It brings most distant countries and the strangest customs right into your living room.</div>\r\n&nbsp;\r\n\r\n<div>8. Compared with radio, everything on television is more lifelike, vivid, and real.</div>\r\n&nbsp;\r\n\r\n<div>9. Television may be a vital factor in holding a family together.</div>\r\n&nbsp;\r\n\r\n<div>10. Television keeps people informed of the news and weather. disasters like floods, winds, etc.</div>\r\n&nbsp;\r\n\r\n<div>&nbsp;</div>\r\n&nbsp;\r\n\r\n<div>Disadvantages</div>\r\n&nbsp;\r\n\r\n<div>1.Television is a great time waster.</div>\r\n&nbsp;\r\n\r\n<div>2. Television takes up too much of our time.</div>\r\n&nbsp;\r\n\r\n<div>3.We no longer have enough time for hobbies, entertaining activities.</div>\r\n&nbsp;\r\n\r\n<div>4.Other outside amusements like theaters, movies, sports, etc get ignored.</div>\r\n&nbsp;\r\n\r\n<div>5. People have grown addicted to television, often neglecting the necessary and more important things like meals, sleep, and even work.</div>\r\n&nbsp;\r\n\r\n<div>6. The more the viewer watches television, the lazier they become. The TV glues them to the set instead of allowing them to go out.</div>\r\n&nbsp;\r\n\r\n<div>7. Television prevents people from communicating with each other.</div>\r\n&nbsp;\r\n\r\n<div>8.It has done much harm to the relationship between family members.</div>\r\n&nbsp;\r\n\r\n<div>\r\n<div>9. Families sit and watch television at dinner instead of talking with each other</div>\r\n</div>\r\n&nbsp;\r\n\r\n<div><strong>6.Employee&rsquo;s opinion</strong></div>\r\n&nbsp;\r\n\r\n<div>The solid foundation of any successful company is its people. Employees represent a source of knowledge and ideas, but oftentimes that resource remains untapped. Involving employees in the decision-making process not only empowers them to contribute to the success of an organization, but also saves the company time and money. It also increases productivity and reduces outsourcing</div>\r\n&nbsp;\r\n\r\n<div>Improving Morale-Actively engaging workers in the decision-making process increases overall company morale. Employees understand their ideas are an important contribution to the company, and gives them the power to influence the outcome of their work, leading to increased job satisfaction and a positive attitude.</div>\r\n&nbsp;\r\n\r\n<div>Internal Resources-Using employees in the decision-making process, rather than outsourcing, saves money, time, and offers the company long-term reliable assistance from those who know the corporation well.</div>\r\n&nbsp;\r\n\r\n<div>\r\n<div>Teamwork-Participation in the decision-making process gives each employee the opportunity to voice their opinions, and to share their knowledge with others. While this improves the relationship between manager and employee, it also encourages a strong sense of teamwork among workers.</div>\r\n</div>\r\n&nbsp;\r\n\r\n<div><strong>7.Environment</strong></div>\r\n&nbsp;\r\n\r\n<div>Deforestation- Deforestation is a rapidly-growing problem in areas like Africa, Central and South America. Not only does this mean less trees, less cleansing oxygen, and the displacement of the wildlife, deforestation means a dangerous decrease in a natural fighter of global warming &ndash;</div>\r\n&nbsp;\r\n\r\n<div>Pollution-Pollution comes in many forms and no matter where you live. The main reason for why pollution has gotten so out of control is that our desire for more &ldquo;stuff&rdquo;&nbsp;&nbsp;has led to our old stuff being thrown away at an alarming and unnecessary rate. This need for manufactured items also leads to the air and water pollution emitted from factories, which in many countries are highly unregulated.</div>\r\n&nbsp;\r\n\r\n<div>\r\n<div>Loss of Biodiversity-Each species has a role in our planet, and when one dies out, it can have catastrophic effects on the rest of us. Currently, many other animals are in danger of becoming extinct, either from being forced out of their habitats by man or by climate change.</div>\r\n</div>\r\n&nbsp;\r\n\r\n<div><strong>6. Written assessment</strong></div>\r\n&nbsp;\r\n\r\n<div>Writing is an essential skill that allows people to participate fully in today&#39;s society and to contribute to the economy. It is a complex process that is essential for extending learning, thinking and communicating with others</div>\r\n&nbsp;\r\n\r\n<div>The assessment of writing is central to the process of effective teaching and learning of writing&nbsp;This, in turn, can enable greater understanding of the requirements needed to support their learning.</div>\r\n&nbsp;\r\n\r\n<div>\r\n<div>It allows students to effectively convey thoughts and ideas through text is classroom-based writing assessment. Such formative assessments allow teachers to gauge the effectiveness of their instructional practices, modify instruction as needed, and provide students with feedback on writing strengths and areas in need of further development.</div>\r\n</div>\r\n&nbsp;\r\n\r\n<div><strong>7.Shopping mall</strong></div>\r\n&nbsp;\r\n\r\n<div>Mall culture has become big business, as shopping malls have evolved into multi-storied structures housing a large number of stores that sell diverse products and services. Shopping malls house a collection of retail stores and restaurants</div>\r\n&nbsp;\r\n\r\n<div>Parking is one of the major hassles for people who go into the city to shop. Shopping at malls eliminates this problem, because parking is provided either free of charge or for a nominal fee. This makes it advantageous for people to choose to shop at a mall rather than a single store. Families who choose to visit a mall on the weekend or holiday for a family outing find it to be a more convenient option mainly because parking is provided</div>\r\n&nbsp;\r\n\r\n<div>Visiting a mall is advantageous because of the numerous stores housed in one complex. Groceries, clothes, shoes, reading material, food courts, cinemas and entertainment arcades are available in one place. Malls make great meeting places for friends to catch up over coffee at a caf&eacute; or a meal at the food court.</div>\r\n&nbsp;\r\n\r\n<div>One of the major disadvantages - These include excessive crowding, especially on weekends and holidays. Crowded aisles and stores make shopping very difficult; people often end up forgetting items they needed to buy. Parking can also be a problem when the mall is very crowded.</div>\r\n&nbsp;\r\n\r\n<div>\r\n<div>The temptation to browse is always present, and browsing often leads to buying things that are not needed. Keeping to a monthly budget becomes increasingly difficult every time you visit the mall. With all the sales and special offers intended to tempt buyers, saying &quot;no&quot; becomes very hard.------------------------</div>\r\n</div>\r\n&nbsp;\r\n\r\n<div><strong>8. Work-Life Balance</strong></div>\r\n&nbsp;\r\n\r\n<div>If people don&#39;t have time to relax and recharge, their ability to do their job decreases and their performance level suffers.&bull;</div>\r\n&nbsp;\r\n\r\n<div>Work-life balance is about creating and maintaining supportive and healthy work environments, which will enable employees to have balance between work and personal responsibilities and thus strengthen employee loyalty and productivity.</div>\r\n&nbsp;\r\n\r\n<div>Today&rsquo;s workers have many competing responsibilities such as work, children, housework, volunteering, spouse and elderly parent care and this places stress on individuals, families and the communities in which they reside. Work-life conflict is a serious problem that impacts workers, their employers and communities.</div>\r\n&nbsp;\r\n\r\n<div>Long work hours and highly stressful jobs not only hamper employees&rsquo; ability to harmonize work and family life but also are associated with health risks, such as increased smoking and alcohol consumption, weight gain and depression. Work life conflict has been associated with numerous physical and mental health implications.</div>\r\n&nbsp;\r\n\r\n<div>Work-life conflict has negative implications on family life. Their work responsibilities interfere with their ability to fulfill their responsibilities at home.</div>\r\n&nbsp;\r\n\r\n<div>A growing number of employers have implemented wellness programs or pay for their employees&rsquo; gym membership as part of a benefits package. Some companies invite fitness trainers or yoga instructors into the office to hold lunchtime sessions.</div>\r\n&nbsp;\r\n\r\n<div>\r\n<div>Companies that have implemented work-life balance programs recognize that employee welfare affects the &ldquo;bottom line&rdquo; of the business. Finally, self-management is important; people need to control their own behaviour and expectations regarding work-life balance.</div>\r\n</div>\r\n&nbsp;\r\n\r\n<div>&nbsp;</div>\r\n&nbsp;\r\n\r\n<div><strong>4. Nowadays, the mass media including TV, radio and newspaper have become the essential part of our lives. What is your opinion?</strong></div>\r\n&nbsp;\r\n\r\n<div><strong>5. The mass media including TV, Radio and newspaper influence our society and shape our opinions and characters. What is your opinion?</strong></div>\r\n&nbsp;\r\n\r\n<div>Newspapers, radio, television, and the Internet&mdash;including e-mail and blogs&mdash;are significantly influential on our society, especially in affirming attitudes and opinions that are already established. The news media focus the public&rsquo;s attention on certain personalities and issues, leading many people to form opinions about them.</div>\r\n&nbsp;\r\n\r\n<div>&nbsp;</div>\r\n&nbsp;\r\n\r\n<div>Mass media sets the news agenda, which shapes the public&#39;s views on what is newsworthy and important.</div>\r\n&nbsp;\r\n\r\n<div>It is a system used by advertisement agencies and media outlets, such as television channels and radio stations to &quot;convince&quot; their audiences to do or act in a certain way. It appeals to the vulnerability of the desired target .</div>\r\n&nbsp;\r\n\r\n<div>&nbsp;</div>\r\n&nbsp;\r\n\r\n<div>\r\n<div>For instance, a famous person or persons Who are recognized and admired by whole communities. These individuals have the &quot;Power&quot; to convince their followers or fans into taking any kind of action or decision. Therefore, these famous people usually are linked or work for some media outlet and are used, to influence the community accordingly./////////////</div>\r\n\r\n<div>&nbsp;</div>\r\n\r\n<div>The media has changed significantly in the past years.&nbsp;&nbsp;Because of the availability of television and radio all populations and classes have been exposed to various types of media.&nbsp;&nbsp;The Internet has provided an even newer media resource. The majority of people live in a very fast paced society.&nbsp;&nbsp;They have very little time for reading and exploring the truth of information.&nbsp;The producers of media publication are aware of this and use the media to influence public choice and opinion.&nbsp;&nbsp;The problem lies in that many people are gullible and society as a whole is easily influenced by the media representations. The media also responds to public demand and provides the information that the public craves.&nbsp;</div>\r\n\r\n<div>&nbsp;</div>\r\n\r\n<div>A positive aspect of the media&rsquo;s bias has been that it has facilitated change in people&rsquo;s perception of races in a positive manner, exposed people to other cultures, made people aware of environmental needs, and the needs of people far away.&nbsp;&nbsp;While there can also be negative implications the media also has to reflect the public&rsquo;s point of view.&nbsp;&nbsp;With the growing representation of Hispanics, African Americans, and other minority groups, the media is under pressure to present them in a more positive light.</div>\r\n</div>\r\n&nbsp;\r\n\r\n<div>&nbsp;</div>\r\n&nbsp;\r\n\r\n<div><strong>7. Some people think law changes our behaviour. Discuss.</strong></div>\r\n&nbsp;\r\n\r\n<div><strong>14. Some people believe law changes human behaviour. Do you agree/disagree?</strong></div>\r\n&nbsp;\r\n\r\n<div>&nbsp;</div>\r\n&nbsp;\r\n\r\n<div>Can legislation reform human nature?</div>\r\n&nbsp;\r\n\r\n<div>Can laws change people&#39;s mind?</div>\r\n&nbsp;\r\n\r\n<div>As far as I am concerned, laws can only prohibit people&#39;s evil behaviour by the force of government power, ensure the freedom of its people and help maintaining the peace and stability of the society. They can not operate on people&#39;s minds.</div>\r\n&nbsp;\r\n\r\n<div>&nbsp;</div>\r\n&nbsp;\r\n\r\n<div>Moral judgment is motivated largely by avoidance of punishment. Individuals develop an understanding that rules are necessary to aintain social order, and are motivated by what they think people expect of them. Thus, people perceive an obligation to uphold the law to avoid the social disorder that would follow in the wake of others disobeying.</div>\r\n&nbsp;\r\n\r\n<div>\r\n<div>&nbsp;</div>\r\n</div>\r\n&nbsp;\r\n\r\n<div>&nbsp;</div>\r\n&nbsp;\r\n\r\n<div><strong>13. It is usually foolish to get married before completing your studies and getting established in a good job? Do you agree or disagree&quot;.</strong></div>\r\n&nbsp;\r\n\r\n<div>There are numerous disadvantages to getting married while still a student. &ldquo;[Getting married in college] can create a greater problem when you are dependent on parents to support you. There is the probability of more tension on the part of both sets of parents.&rdquo; Expecting your parents to continue paying your tuition as though you were still a child once you have chosen to take on the very adult responsibility of marriage can also create tension.&nbsp;&nbsp;</div>\r\n&nbsp;\r\n\r\n<div>Another reason to wait is the time constraint on enrolled newlyweds. Balancing time at home, adjusting to a new life and spending time on academics is a daunting task, regardless of how organized you are. Married college students are often left with not enough time to do housework, study or have couple time. Little time is left for each other so there&rsquo;s less time to work on personal growth and the marriage.</div>\r\n&nbsp;\r\n\r\n<div>The&nbsp;&nbsp;college marriage often results in restriction of college experiences, participation in college functions and of relationships of college friends.&nbsp;</div>\r\n&nbsp;\r\n\r\n<div>Not only that, but she also finds that marriage affects academics. &ldquo;There is often a drop in grades due to added responsibilities or having to take on a full time job. The distractions that marriage brings are endless and normal, but if your current schedule and goals make marriage too much to handle on top of your college life, then the smartest decision may be taking care of your college career before saying your vows.&nbsp;</div>\r\n&nbsp;\r\n\r\n<div>Sometimes the engaged couple isn&rsquo;t actually ready to decide what they want out of life (or marriage) yet. College is a time of growth and maturing. Getting married too soon can cut growth and maturation short. &ldquo;Most students need some time to be self-supporting, living on your own and making decisions as you mature. An early marriage can prevent students from ever getting that time to mature.</div>\r\n\r\n<div>\r\n<div>&nbsp;</div>\r\n</div>\r\n&nbsp;\r\n\r\n<div>&nbsp;</div>\r\n&nbsp;\r\n\r\n<div><strong>15. Talk about pros/cons of this era as it is full of daily inventions</strong>&nbsp;</div>\r\n&nbsp;\r\n\r\n<div>In today&#39;s world, where just about everything is more convenient and accessible due to advances in technology across almost all sectors, it may seem as though it&#39;s a misnomer to even mention any disadvantages of technological advances. However, despite how far technology has taken humans and no matter how convenient it may make things, there are some disadvantages accompanying this level of access.&nbsp;</div>\r\n&nbsp;\r\n\r\n<div>Technology advances show people a more efficient way to do things, and these processes get results. For example, education has been greatly advanced by the technological advances of computers. Students are able to learn on a global scale without ever leaving their classrooms. Agricultural processes that once required dozens upon dozens of human workers can now be automated, thanks to advances in technology, which means cost-efficiency for farmers. Medical discoveries occur at a much more rapid rate, thanks to machines and computers that aid in the research process and allow for more intense educational research into medical matters.This results in cost savings for business owners, allowing them to invest in growth in other areas of the business, which contributes on a positive level to the economy as a whole.&nbsp;</div>\r\n&nbsp;\r\n\r\n<div>The more advanced society becomes technologically, the more people begin to depend on computers and other forms of technology for everyday existence. This means that when a machine breaks or a computer crashes, humans become almost disabled until the problem is resolved. This kind of dependency on technology puts people at a distinct disadvantage, because they become less self-reliant.</div>\r\n&nbsp;\r\n\r\n<div>At the same time, human workers retain less value, which is a disadvantage of technological advances. Because machines automate processes and do the work of 10 people with one computer, companies find they don&#39;t need to employ as many people to get the job done. As machines and computers become even more advanced and efficient, this will continue to be a growing disadvantage of technology and an issue that has a global impact.</div>\r\n&nbsp;\r\n\r\n<div>\r\n<div>&nbsp;</div>\r\n</div>\r\n&nbsp;\r\n\r\n<div>&nbsp;</div>\r\n&nbsp;\r\n\r\n<div><strong>16. Imitating celebrities in sports and movies good or bad?</strong>&nbsp;</div>\r\n&nbsp;\r\n\r\n<div>Now, more than ever, celebrities are extremely influential in the lives of teenagers. While there are certainly some positive role models for teens among today&rsquo;s celebrities, there are also many who provide a decidedly negative influence. Teens who try to emulate these celebrities may fall victim to several different issues,&nbsp;</div>\r\n&nbsp;\r\n\r\n<div>There include&nbsp;&nbsp;Drug abuse or drug addiction, Problems with alcohol and drinking heavily,&nbsp;&nbsp;Eating disorders and&nbsp;&nbsp;Low self-esteem and low self-confidence.&nbsp;&nbsp;</div>\r\n&nbsp;\r\n\r\n<div>1)&nbsp;&nbsp;&nbsp;&nbsp;&nbsp;&nbsp;&nbsp;It seems like every day there are more and more stories and pictures on the Internet of the illicit activities of celebrities. Teens see these people partying, drinking alcohol or doing drugs, and they think they should too. This sends the message to teens that in order to have fun or be cool, you have to use these substances. Teens may begin to think that it is no big deal, and this can cause serious problems leading to and including drug and alcohol addictions, risk-taking behaviors, and even death.</div>\r\n&nbsp;\r\n\r\n<div>2)&nbsp;&nbsp;&nbsp;&nbsp;&nbsp;&nbsp;&nbsp;Some of the most common problems that occur are issues with self-esteem for teens, especially teen girls. When a teen girl flips through her favorite fashion magazine, she is inundated with pictures and articles revolving around the erroneous belief that celebrities are perfect. The air-brushed pictures, workout and diet tips, and pin-thin models can cause body images issues for teens. In trying to make themselves look like the pictures that they see, teens can cause real damage to their bodies. Working out too much or not eating enough can lead to an eating disorder, such as anorexia or bulimia</div>\r\n\r\n<div>\r\n<div>&nbsp;</div>\r\n</div>\r\n&nbsp;\r\n\r\n<div>&nbsp;<strong>17. Any recent invention that you think proved beneficial or detrimental to society</strong></div>\r\n&nbsp;\r\n\r\n<div><strong>18. In the past 100 years, there have been many inventions such as antibiotics, airplanes and computers. What do you think is the most important of them? Why? Greatest invention in the last 100 years, medicine, sciene or technology?</strong></div>\r\n\r\n<div>&nbsp;</div>\r\n&nbsp;\r\n\r\n<div>It is evident how life has changed since technology has been introduced in the human life. When we think about technology mostly the first thing that comes to our mind is the image of a computer. Technological advancements such as computers have been designed and created with the only purpose to help humans and make their lives easier. Computers have become indispensable in any workplace where they are basically considered a compliment for people to help them on developing their activities. In fact, computers are the greatest invention of all time because they have multi-tasking features that can minimize your work, they can display and let you manipulate stored information, and they are used in almost all fields for any purpose.&nbsp;</div>\r\n&nbsp;\r\n\r\n<div>&nbsp;First of all computers have multi-tasking features that can minimize the work you have to do. For example, computers avoid you having to calculate any result on doing math, the only thing you must do is to type the information needed and your work is done.&nbsp;&nbsp;</div>\r\n&nbsp;\r\n\r\n<div>Secondly, computers can display and let you manipulate stored information. In other words, you don&rsquo;t need to use paper in order to store any information on shelves. You don&rsquo;t even have to rewrite a whole paper because you did a mistake or you have to add more information to the written form. You can have as many files as you can in your computer and organize them the way you like it without having to use any extra material or space.</div>\r\n&nbsp;\r\n\r\n<div>&nbsp;Finally, computers are used in almost all fields for any purpose such as entertainment, education, and any type of job. For example, you can use computers to play videogames, watch movies, listen to music or chat on the internet for entertainment. In education or any job you can use them for videoconferences, PowerPoint presentations or just using their basic features discussed in the first point.</div>\r\n&nbsp;\r\n\r\n<div>\r\n<div>Therefore computers are the greatest invention of all time because they reduce your time consumption on your activities, you can save your information and edit it anytime, and they let you do almost everything you need. Computers have become the most powerful tool ever created.</div>\r\n</div>\r\n&nbsp;\r\n\r\n<div>&nbsp;</div>\r\n\r\n<div><strong>19. Information revolution has changed the way of mass communications and had some negative and positive effects on individual lives as well as on society. To what extent do you agree or disagree?</strong></div>\r\n&nbsp;\r\n\r\n<div><strong>23. Communication has changed significantly in the last 10 yers. Disucss pros and cons impacts.</strong></div>\r\n&nbsp;\r\n\r\n<div>&nbsp;</div>\r\nIT has not only brought the world closer together. Therefore, we can not only share information quickly and efficiently, but we can also bring down barriers of linguistic and geographic boundaries. The world has developed into a global village due to the help of information technology allowing to shares ideas and information with each other.\r\n\r\n<div>&nbsp;</div>\r\n&nbsp;\r\n\r\n<div>Communication has also become cheaper, quicker, and more efficient. We can now communicate with anyone around the globe by simply text messaging them or sending them an email for an almost instantaneous response. The internet has also opened up face to face direct communication from different parts of the world thanks to the helps of video conferencing.&nbsp;</div>\r\n&nbsp;\r\n\r\n<div>Bridging the cultural gap - Information technology has helped to bridge the cultural gap by helping people from different cultures to communicate with one another, and allow for the exchange of views and ideas, thus increasing awareness and reducing prejudice.&nbsp;</div>\r\n&nbsp;\r\n\r\n<div>However, While information technology may have streamlined the business process it has also crated job redundancies, downsizing and outsourcing. This means that a lot of lower and middle level jobs have been done away with causing more people to become unemployed.</div>\r\n&nbsp;\r\n\r\n<div>Privacy - Though information technology may have made communication quicker, easier and more convenient, it has also bought along privacy issues. Due to website and email hacking, people are now worried about their once private information becoming public knowledge.</div>\r\n&nbsp;\r\n\r\n<div>Lack of job security - Industry experts believe that the internet has made job security a big issue as since technology keeps on changing with each day. This means that one has to be in a constant learning mode, if he or she wishes for their job to be secure.</div>\r\n&nbsp;\r\n\r\n<div>Dominant culture - While information technology may have made the world a global village, it has also contributed to one culture dominating another weaker one. For example it is now argued that US influences how most young teenagers all over the world now act, dress and behave. Languages too have become overshadowed, with English becoming the primary mode of communication for business and everything else.</div>\r\n&nbsp;\r\n\r\n<div>\r\n<div>&nbsp;</div>\r\n</div>\r\n&nbsp;\r\n\r\n<div>&nbsp;</div>\r\n&nbsp;\r\n\r\n<div><strong>20.Learning a new language at an early age is helpful for children. Is it more positive ofr their future aspect or have some adverse effects. Agree or disagree?</strong>&nbsp;</div>\r\n&nbsp;\r\n\r\n<div>There are several benefits of learning a new language, the latest being it promotes a better understanding (and acceptance of) psychology and diversity.</div>\r\n&nbsp;\r\n\r\n<div>1.Bilingualism delays Alzheimer&rsquo;s disease by as much as five .</div>\r\n&nbsp;\r\n\r\n<div>2.&nbsp;Being bilingual can lead to improved listening skills, since the brain has to work harder to distinguish different types of sounds in two or more languages</div>\r\n&nbsp;\r\n\r\n<div>3.&nbsp;Babies brought up in a bilingual environment have stronger working memories than those brought up with only one language</div>\r\n&nbsp;\r\n\r\n<div>This means they are better at mental calculation, reading and many other vital skills.</div>\r\n&nbsp;\r\n\r\n<div>4.&nbsp;Better multi-tasking-Bilingual people can switch from one task to another more quickly. They show more cognitive flexibility and find it easier to adapt to unexpected circumstances.</div>\r\n&nbsp;\r\n\r\n<div>5.&nbsp;Learning a new language can literally change the way you see the world.Learning Japanese, for example, which has basic terms for light and dark blue, may help you perceive the colour in different ways&nbsp;</div>\r\n&nbsp;\r\n\r\n<div>\r\n<div>People used to think that learning two languages created confusion in the mind.&nbsp;Some studies did seem to back up the idea that learning two languages could be problematic; early researchers noted that bilingual people tended to have smaller vocabularies and slower access to words.</div>\r\n</div>\r\n&nbsp;\r\n\r\n<div>&nbsp;</div>\r\n&nbsp;\r\n\r\n<div><strong>22. In under developed countries, tourism has disadvantages and can be said the opposite as well.</strong></div>\r\n&nbsp;\r\n\r\n<div>\r\n<div>In recent decades, low cost airfare has made international travel easier and many countries have, therefore, developed their tourism industries into key sectors of their economies. While it is clear tourism brings obvious benefits to the countries that host tourists, it is also true to say it may bring disadvantages as well.&nbsp;<br />\r\n<br />\r\nUndoubtedly, there are significant benefits that tourism brings to a country. First, a thriving tourist industry implies an increasing need for a variety of services such as hotels, transport, restaurants, and entertainment. This results in a considerable number of jobs being created for people who lack a college education and also the development of the infrastructure needed to accommodate visitors. Moreover, tourism is a &quot;green&quot; industry that, unlike factories, generates a low level of pollution. In fact, because beautiful natural landscapes are often places that tourists come to see, a country will often be sure to maintain the landscape in order to keep it attractive for tourists.&nbsp;<br />\r\n<br />\r\nDespite the benefits, there are aspects of tourism that may prove harmful to a country. For instance, a country may suffer from the loss of their traditional culture. This is caused by people in a country changing their lifestyle, customs, and language in order to more effectively serve visitors or because they become influenced by foreign countries. This can cause stress in a traditional society and could even lead to animosity towards tourists. In addition, because tourists often carry expensive objects like cameras and are unaware of their surroundings, they make good targets for theft. Crime also increases as a result of the increases in drugs and prostitution that caters to some vacationers.&nbsp;<br />\r\n<br />\r\nIn summary, global tourism is greatly beneficial to an economy and environment of a country. However, it can be detrimental in several ways. To my way of thinking, a country should seek to develop its tourism industry because it can bring steady jobs to many people without their need for higher education and without the risk of environmental damages.</div>\r\n</div>\r\n&nbsp;\r\n\r\n<div>&nbsp;</div>\r\n&nbsp;\r\n\r\n<div><strong>23. The only thing that interfere with my leaning is my education- Einstein. What does he mean by that? And do you think he is correct?</strong></div>\r\n&nbsp;\r\n\r\n<div>&nbsp;</div>\r\n&nbsp;\r\n\r\n<div>Formal education tends to limit the thinking you can do about a subject. For instance, you know and accept that the Law of Gravity is valid. You&#39;ve been taught that in school. Therefore, you are not going to waste your time trying to get around it.&nbsp;&nbsp;</div>\r\n&nbsp;\r\n\r\n<div>Most engineers today are taught that something must be done THIS way. By the time they get their degrees, they can&#39;t see simple solutions to complex problems. That&#39;s when you need someone with no degree and not a lot of knowledge about engineering that you can bounce the problem off of. In explaining it to them and dealing with their offhand suggestions, you often get the simple solution you couldn&#39;t see.&nbsp;&nbsp;</div>\r\n&nbsp;\r\n\r\n<div>Einstein recognized that education also limits the mind and felt he learned more by doing research without the confines of the degree.&nbsp;</div>\r\n&nbsp;\r\n\r\n<div>Einstein was a genius, which back in the old days many never really understood what a genius really was! So for him to say, the only thing that interferes with my learning is my education! He was actually saying, he was a lot smarter then any education that could be taught to him back in them days!</div>\r\n&nbsp;\r\n\r\n<div>So he had to more or less, self educate on his own to be able to be smarter then he already was! Many people saw him as off the wall, sort of speak! Because of the fact he was a lot more smarter then anyone really knew! So instead of him being looked up to because of being so smart, he was more like an out cast to most! Mostly because of his odd behavior, and weirdness and very much misunderstood! He plainly just didn&#39;t fit in!</div>\r\n&nbsp;\r\n\r\n<div>I guess you could say, very few people tried to get to know him at his level and partly no one could possibly even think at his level! So he to many was just a strange person! But the fact was he was a genius and he was misunderstood back in them days! Geniuses today are honored and almost worshiped and there is today, way higher education levels in place now for people that are geniuses!&nbsp;&nbsp;</div>\r\n&nbsp;\r\n\r\n<div>Could you imagine if education would have been so high level to teach Einstein to the levels he was urning for! He would have really accomplished way more then what he did!</div>\r\n\r\n<div>&nbsp;</div>\r\n&nbsp;\r\n\r\n<div>And may have changed the world for a lot better then what it is today! Maybe that&#39;s why education is such a high priority in todays world, so that everyone has a chance to be the next great Einstein, or even greater! If education hadn&#39;t changed from the old days, man would have never made it to the moon!&nbsp;&nbsp;</div>\r\n&nbsp;\r\n\r\n<div>Education has to always change for the better, may be at times not fast enough, but if it didn&#39;t life will never get better! If education was still the same as back in Einstein days, Medical wouldn&#39;t be where it is today and millions would have all died every year! Medical is the biggest resource for longer life and more quality of life! Without it, people would be dieing at younger ages and from many diseases that wouldn&#39;t be cureable without all the medical education we all have today!</div>\r\n&nbsp;\r\n\r\n<div>&nbsp;Einstein would have actually fit in better in todays world then he did back in the old days, you could say he was born in the wrong Century, so it would be like taking a well educated person today and put them back into Einstein days of life! The person would feel completely out of place and most likely wouldn&#39;t be able to even cope in that kind of life!&nbsp;&nbsp;</div>\r\n&nbsp;\r\n\r\n<div>\r\n<div>So what Einstein was saying is, he was being taught 6 th grade education when he was actually like the highest college degree grad in are time of life! And he wanted higher education then the highest college education! But back in his days 6 th grade education is all they had as highest education to offer!</div>\r\n</div>\r\n&nbsp;\r\n\r\n<div><strong>The illiterate of the 21st century will not be those who cannot read and write, but those who cannot learn, unlearn, and relearn.</strong></div>\r\n&nbsp;\r\n\r\n<div>&nbsp;</div>\r\n&nbsp;\r\n\r\n<div>Education in the 21st Century: The Challenge&nbsp;&nbsp;</div>\r\n&nbsp;\r\n\r\n<div>&#39;The illiterate of the twenty-first century will not be those who cannot read and write, but those who cannot learn, unlearn and relearn.&#39; - Alvin Toffler</div>\r\n&nbsp;\r\n\r\n<div>How effective is the education that your child receives? As one of the world&#39;s wealthy countries, we could reasonably expect that our education system would rate as one of the world&#39;s best, and certainly in terms of spending on education, Singapore&#39;s record is very good, but it seems that our report card - along with those of all major developed countries - should read: &#39;Must do better&#39;.</div>\r\n&nbsp;\r\n\r\n<div>&nbsp;</div>\r\n\r\n<div>Around the world, education systems are struggling to remain relevant in a changing world. Far too often they are failing to prepare students for life in the &#39;new economies&#39;.</div>\r\n&nbsp;\r\n\r\n<div>So, what does all this mean to parents, struggling to make the right educational choices for their children? And what does it mean to a nation like Singapore at the beginning of the twenty-first century?&nbsp;</div>\r\n&nbsp;\r\n\r\n<div>For the individual, there is no way to over-estimate the importance of education.</div>\r\n&nbsp;\r\n\r\n<div>Many may score well in basic literacy and number skills but performance even in these areas is often based on the wealth and social position of the students. And besides, education suited for the new millennium is not the same as in previous decades. The new economy, brought about by the huge changes of the communications revolution, means that the skills which will be valued are far more wide-ranging than the &#39;three Rs&#39; of the past. Literacy and number skills are still vital, but the successful person in the future will be the person with wide-ranging abilities - the person &#39;able to navigate change and diversity, learn-as-they-go, solve problems, collaborate and be flexible and creative.&#39; (New Learning: A Charter for Australian Education - Australian Council of Deans of Education (A.C.D.E.)</div>\r\n&nbsp;\r\n\r\n<div>Creative teachers have understood this for decades, but education systems, are slow to adapt frustrating most attempts at meaningful evolution.&nbsp;&nbsp;</div>\r\n&nbsp;\r\n\r\n<div>Education suited to our children&#39;s needs must help them cope as individuals in a complex world. Experts predict that today&#39;s students will be the first in history to face the prospect of working at ten - or more - different jobs during their working lives. They will need thinking and learning skills that are creative and flexible. Adaptability will be their most prized possession.&nbsp;&nbsp;</div>\r\n&nbsp;\r\n\r\n<div>In reality, there is a danger, that outside pressures and the time constraints of an over-crowded curriculum distract us from the traditional purpose of good schooling, which is to turn out a well-rounded, decent human being.</div>\r\n&nbsp;\r\n\r\n<div>Britain&#39;s Prime Minister, Tony Blair, made his intentions clear in 1997, with his statement of priorities: &#39;Education, Education, Education.&#39; Only last year Singapore&#39;s minister for education, Teo Chee Hean said, &#39;education is about moulding the future of our nation&#39;. He was right of course, but he might also have said, &#39;education is about moulding the future of each individual.&#39;</div>\r\n&nbsp;\r\n\r\n<div>&nbsp;</div>\r\n&nbsp;\r\n\r\n<div>The challenge for each of us is to find the method of learning best suited to the demands of that future, and this will be the subject of my articles over the coming weeks.</div>\r\n</div>\r\n', 'Other', '2016-09-22', 'yes');
INSERT INTO essay (id, question, description, category, date, istemplate) VALUES
(7, 'Good words for evaluating something', '<p>+ve&nbsp;</p>\r\n\r\n<p>effective, benificial, valueable, relevant, logical, persuasive, valid, unbaised,&nbsp;</p>\r\n\r\n<p>-Ve</p>\r\n\r\n<p>problematic, limited, unrealistic, irrelevant, questionable, controversial, neglets, dimisses, omits</p>\r\n\r\n<p>&nbsp;</p>\r\n', 'Other', '2016-09-22', 'yes'),
(8, 'Listening and Speaking :::\r\nListen to the lecture and retell it up to 40 sec', '<p><strong>This is a brief lecture which talks about / highlights / explains .</strong></p>\r\n\r\n<p><strong>It is quite clear that &lt;1st point&gt;</strong></p>\r\n\r\n<p><strong>The speaker also emphasises that ...</strong></p>\r\n\r\n<p><strong>It is also interesting to note that ...</strong></p>\r\n\r\n<p><strong>The speaker highlights the facts that ....</strong></p>\r\n\r\n<p><strong>However / Therefore, The speaker concludes / suggest ....</strong></p>\r\n', 'Other', '2016-09-23', 'yes');

-- --------------------------------------------------------

--
-- Table structure for table phrasalverb
--

CREATE TABLE IF NOT EXISTS phrasalverb (
  id int(11) NOT NULL AUTO_INCREMENT,
  name varchar(100) NOT NULL,
  description varchar(10000) NOT NULL,
  category varchar(100) NOT NULL,
  date date NOT NULL,
  sentence varchar(10000) NOT NULL,
  PRIMARY KEY (id)
) ENGINE=InnoDB  DEFAULT CHARSET=latin1 AUTO_INCREMENT=2 ;

--
-- Dumping data for table phrasalverb
--

INSERT INTO phrasalverb (id, name, description, category, date, sentence) VALUES
(1, 'get away', ' to leave or escape from a person or place, often when it is difficult to do this:', 'hard', '2016-09-22', '<ol><li>He said it happened on land, it was attempting to drag him into the water but he&#39;s got away before he was submerged.</li><li>We&nbsp;<a href="http://dictionary.cambridge.org/dictionary/english/walk">walked</a>&nbsp;to the next&nbsp;<a href="http://dictionary.cambridge.org/dictionary/english/beach">beach</a>&nbsp;to get away from the<a href="http://dictionary.cambridge.org/dictionary/english/crowd">crowds</a></li><li>I&#39;ll get away from&nbsp;<a href="http://dictionary.cambridge.org/dictionary/english/work">work</a>&nbsp;as&nbsp;<a href="http://dictionary.cambridge.org/dictionary/english/soon">soon</a>&nbsp;as I can.</li></ol>');

-- --------------------------------------------------------

--
-- Table structure for table speakinggraph
--

CREATE TABLE IF NOT EXISTS speakinggraph (
  id int(11) NOT NULL AUTO_INCREMENT,
  question varchar(1000) NOT NULL,
  description mediumtext NOT NULL,
  category varchar(50) NOT NULL,
  date date NOT NULL,
  istemplate varchar(10) NOT NULL,
  PRIMARY KEY (id)
) ENGINE=InnoDB  DEFAULT CHARSET=latin1 AUTO_INCREMENT=10 ;

--
-- Dumping data for table speakinggraph
--

INSERT INTO speakinggraph (id, question, description, category, date, istemplate) VALUES
(1, 'Single Pie Chart', '<p><img alt="single pie chart" src="http://www.personallearningsite.xyz/piechart1.jpg" style="float:right; height:350px; width:400px" /><strong><u>The</u> image depicts</strong> a pie-chart <u><strong>which</strong></u> <strong>illustrates</strong> the favourate take away food in Yourk in 2010. [pause]</p>\r\n\r\n<p><strong><u>It</u> is <u>clearly</u> evident that the max</strong> take away food is indian food at 43% <em><u><strong>whereas</strong></u></em> the min take away food is kebab which is <u><strong>only</strong></u> 5%. [pause]</p>\r\n\r\n<p><strong>Overall, it can be seen that while the figures are fluctuating it is interesting to note that</strong> pizza and chinese food <strong>together</strong>&nbsp;<strong>combine for</strong> just less than half of the take away food in York in 2010.</p>\r\n\r\n<p>&nbsp;</p>\r\n\r\n<p>&nbsp;</p>\r\n\r\n<p>&nbsp;</p>\r\n\r\n<p>&nbsp;</p>\r\n\r\n<p>&nbsp;</p>\r\n', 'Pie', '2016-09-23', 'yes'),
(2, 'Time Table', '<p><strong>The image depicts</strong> a timetable <strong>which illustrates</strong> the classes for week 1 from <img alt="Timetable" src="http://www.personallearningsite.xyz/1.jpg" style="float:right; height:350px; width:400px" />monday to friday. [pause]</p>\r\n\r\n<p>&nbsp;</p>\r\n\r\n<p>&nbsp;</p>\r\n\r\n<p>&nbsp;</p>\r\n\r\n<p>&nbsp;</p>\r\n\r\n<p>&nbsp;</p>\r\n\r\n<p>&nbsp;</p>\r\n\r\n<p>&nbsp;</p>\r\n\r\n<p><strong>It is clearly evident that </strong></p>\r\n\r\n<p><strong>overall it can be seen that it is very clear and unambiguous timetable.</strong></p>\r\n\r\n<p>&nbsp;</p>\r\n', 'Time Table', '2016-09-23', 'yes'),
(3, 'Table chart', '<p><img alt="" src="http://www.personallearningsite.xyz/4.jpg" style="float:right; height:350px; width:467px" /><br />\r\n<strong>The image depicts a</strong> table chart <strong>which illustrates</strong> different&nbsp;<strong><em>expenses&nbsp;(Title) </em></strong>for different countries.[pause]</p>\r\n\r\n<p><strong>It is clearly evident that the</strong> <strong><em>maximum expenses</em></strong> is for Turkey in food drinks&nbsp;and tobacco at 32.14% <strong>whereas</strong> the minimum expenses is for splain in Leisure and education only at 1.98%.[pause]</p>\r\n\r\n<p><strong>Overall, it can be seen that while the figures are fluctuating it is interesting </strong></p>\r\n\r\n<p><strong>to note that the expenses</strong> for spain and ireland for clothing and footwear<strong> are identical</strong> at 6.61%/</p>\r\n\r\n<p><strong>are similar [two sets of data]&nbsp;respectively / are similar&nbsp;ranging from [two sets of data].</strong></p>\r\n\r\n<p>&nbsp;</p>\r\n\r\n<p>&nbsp;</p>\r\n', 'Table Chart', '2016-09-23', 'yes'),
(4, 'Picture', '<p><strong>The image depicts a scenary of</strong> a city <strong>which seems to be taken</strong> at night time.</p>\r\n\r\n<p>[pause]<img alt="" src="http://www.personallearningsite.xyz/7.jpg" style="float:right; height:350px; width:400px" /></p>\r\n\r\n<p><strong>It is cleary edident that in the background /</strong>&nbsp; <strong>there is</strong> a clear blue sky / <strong>on the left hand side there is</strong> .................<strong> while on the right hand side there is </strong>.................. . <strong>whereas in the foreground on the right hand side is</strong> two tall building having yellow light on the floor and seems like parking lot on the front. <strong>On the other side of the picture it looks like</strong> a road having lights and row of building along the road.</p>\r\n\r\n<p>[pause]</p>\r\n\r\n<p><strong>Overall, it can be seen that it is a very scenic view of the city.</strong></p>\r\n\r\n<p><strong>Note: What and Where should be answered</strong></p>\r\n\r\n<p>&nbsp;</p>\r\n\r\n<p>&nbsp;</p>\r\n\r\n<p>&nbsp;</p>\r\n', 'Picture', '2016-09-23', 'yes'),
(5, 'Two In One (line graph and bar graph)', '<p><strong>The image depicts a climate graph which illustrates a great lake area in USA.<img alt="" src="http://www.personallearningsite.xyz/12.jpg" style="float:right; height:300px; width:400px" /></strong></p>\r\n\r\n<p><strong>[pause]</strong></p>\r\n\r\n<p><strong>It is clearly evident that</strong> the maximum temperature&nbsp;is 15 degree&nbsp;on july <strong>whereas</strong> the minimum temperature is approximately -12 degree on october. <strong>On the other hand</strong> maximum rainfall is around 90 also in july <strong>while</strong> the minimum rainfall is only 16 in november.</p>\r\n\r\n<p>[pause]</p>\r\n\r\n<p><strong>Overall it can be seen that</strong> rainfall from february to april looks almost identical at 20.</p>\r\n\r\n<p>&nbsp;</p>\r\n\r\n<p>&nbsp;</p>\r\n\r\n<p>&nbsp;</p>\r\n\r\n<p>&nbsp;</p>\r\n', 'Graph', '2016-09-23', 'yes'),
(6, 'Two graphs separate (bar graphs and pie chart giving two different value)', '<p><strong>The image depicts two graphs which illustrates [title for first] average </strong><img alt="" src="http://www.personallearningsite.xyz/11.jpg" style="float:right; height:300px; width:400px" /></p>\r\n\r\n<p><strong>number of hourse worked per week as well as title 2.</strong></p>\r\n\r\n<p>&nbsp;</p>\r\n\r\n<p>&nbsp;</p>\r\n\r\n<p>&nbsp;</p>\r\n\r\n<p>&nbsp;</p>\r\n\r\n<p>&nbsp;</p>\r\n\r\n<p>&nbsp;</p>\r\n\r\n<p>&nbsp;</p>\r\n\r\n<p>&nbsp;</p>\r\n\r\n<p>&nbsp;</p>\r\n', 'Pie', '2016-09-23', 'yes'),
(7, 'Organisational Structure', '<p>The image depicts an organisational structure which illustrates the hierarchy of a company.</p>\r\n\r\n<p>[pasue]</p>\r\n\r\n<p>It is clearly evident that the CEO is the apex head of the organisation as depicted in the structure followed by four directors which are Director of Finance, HR, Operations and Marketing.under whom there is marketing manager north and south. Under each of the marketing managers, there are six position assigned to them.</p>\r\n\r\n<p>Overall it can be seen that it is a very clear and unambigious reporting structure.</p>\r\n\r\n<p>&nbsp;</p>\r\n\r\n<p>&nbsp;</p>\r\n\r\n<p>Note: Connetcor are Apex head, followed by, under whom / under them, reported by / reported to, supervises, assigned</p>\r\n\r\n<p>&nbsp;</p>\r\n', 'Org Chart', '2016-09-23', 'yes'),
(8, 'Statistical map', '<p>The image depicts a map which illustrates the percent forested by country.</p>\r\n\r\n<p>[pause]</p>\r\n\r\n<p>It is clearly evident that the maximum percent forested is 75 to 100% which lies mostly on the central part whereas the minimum percent forested is only 0&nbsp; to 10% which lies mostly in the north and partly in the south.</p>\r\n\r\n<p>[pause]</p>\r\n\r\n<p>Overall it can be seen that while the figures are fluctuating it is interesting to note that the maximum percent forested by country is in the range of 50 to 100 percent and is located mostly in the central part of the map.</p>\r\n\r\n<p>&nbsp;</p>\r\n\r\n<p>&nbsp;</p>\r\n\r\n<p>&nbsp;</p>\r\n\r\n<p>Note: What and Where</p>\r\n', 'Map', '2016-09-23', 'yes'),
(9, 'Geographical map', '<p>The image depicts a map which illustrates the geographical location/position of Azerbaijan.</p>\r\n\r\n<p>[pause]</p>\r\n\r\n<p>It is clearly evident that Azerbaijan has 4 neighbouring countries which are Russia Fed on its north and georgia on its north west. Armenia lies on its west and Iran shares its borders with Azerbaijan on the south. On its eastern side is a large body of water.</p>\r\n\r\n<p>[pasue]</p>\r\n\r\n<p>overall it can be seen that Azerbaijan is divided into two parts with one being much larger than the others.</p>\r\n', 'Map', '2016-09-23', 'yes');

-- --------------------------------------------------------

--
-- Table structure for table summarise
--

CREATE TABLE IF NOT EXISTS summarise (
  id int(11) NOT NULL AUTO_INCREMENT,
  question varchar(10000) NOT NULL,
  answer varchar(1000) NOT NULL,
  category varchar(100) NOT NULL,
  date date NOT NULL,
  PRIMARY KEY (id)
) ENGINE=InnoDB  DEFAULT CHARSET=latin1 AUTO_INCREMENT=3 ;

--
-- Dumping data for table summarise
--

INSERT INTO summarise (id, question, answer, category, date) VALUES
(1, '<p>Writting and Listening</p>\r\n', 'This lecture encapsulates the adaptation of species in different climates. It is quite evident that although some people believe that the species can not adopt the different climate, they can actually not only adapted but also existed in various climates. Therefore, it has been seen that many species can survive in different climates due to their inborn capability.', '', '2016-09-23'),
(2, '<p>Writing and Listening</p>\r\n', 'The lecture encapsulates what are the different reasons that motivates people, concisely and explicitly. It is quite evident that although some people say they born with talent, there are also some other people who think it can be achieved by hours of practice. Therefore, it has been suggested that motivation is the key to work hard and become successful person in life.', '', '2016-09-23');

-- --------------------------------------------------------

--
-- Table structure for table word
--

CREATE TABLE IF NOT EXISTS word (
  wordkey int(11) NOT NULL AUTO_INCREMENT,
  name varchar(50) NOT NULL,
  synonym varchar(50) DEFAULT NULL,
  sentence varchar(10000) DEFAULT NULL,
  category varchar(15) NOT NULL,
  type varchar(15) NOT NULL,
  description varchar(1000) NOT NULL,
  adverb varchar(50) DEFAULT NULL,
  noun varchar(50) DEFAULT NULL,
  verb varchar(50) DEFAULT NULL,
  adjective varchar(50) DEFAULT NULL,
  focuson varchar(50) NOT NULL,
  dateAdded date NOT NULL,
  PRIMARY KEY (wordkey)
) ENGINE=InnoDB  DEFAULT CHARSET=latin1 AUTO_INCREMENT=26 ;

--
-- Dumping data for table word
--

INSERT INTO word (wordkey, name, synonym, sentence, category, type, description, adverb, noun, verb, adjective, focuson, dateAdded) VALUES
(1, 'Instrinsic', 'essential or necessary', '<ol><li>Maths is an<strong> intrinsic part </strong>of the school curriculum.</li><li>But in his world, the truth&rsquo;s value is instrumental, rather than&nbsp;<strong>intrinsic</strong>.</li><li><strong>intrinsic value</strong></li></ol>', 'comfortable', 'adjective', '<p><strong>belonging to a thing by its very nature.</strong></p>', 'intrinsically', '', '', '', 'meaning', '2016-09-22'),
(2, 'ubiquitous', 'rife, omnipresent', '<ul><li>his <strong>ubiquitous</strong> influence was felt by all the family</li><li>cowboy hats are <strong>ubiquitous</strong> among the male singers</li><li>It&#39;s impossible not to be influenced by Leone because his work is <strong>ubiquitous</strong>.</li><li>The electric guitar has become a <strong>ubiquitous</strong> presence in virtually all forms of popular music.</li><li>I think we&#39;ll remember this war as the war of the <strong>ubiquitous</strong> video phone.</li><li>Its influence is so <strong>ubiquitous</strong> that it comes to dictate a lot of our conversations.</li><li>Hoummos is one of those <strong>ubiquitous</strong> foods whose popularity has brought forward its own use-by date.</li><li>It is an easy, <strong>ubiquitous</strong> option but one that appears to be losing some of its mass appeal.</li></ul>', 'comfortable', 'adjective', '<ol><li><strong>Existing or being everywhere especially at the same time</strong></li><li><strong>having or seeming to have the ability to be everywhere at once</strong></li></ol>', 'ubiquitously', 'ubiquitousness', '', '', 'meaning , pronunciation', '2016-09-23'),
(3, 'anticipate', 'except, pedict', '<ol><li>At the same time, I think that tomorrow for sports TV is coming faster than&nbsp;<strong>anticipated</strong>.</li><li>More important, it represents a change that took much longer than anyone&nbsp;<strong>anticipated</strong>.</li><li>We dont <strong>anticipate</strong> any trouble.</li><li>We had one or two difficulties along the way that we didn&#39;t <strong>anticipate</strong>.</li></ol>', 'comfortable', 'verb', '<p><strong>To imagine or expect that something will happen.</strong></p>', '', '', '', '', 'meaning', '2016-09-22'),
(4, 'discern', 'Differentiate, judge', '<ol><li>I can <strong>discern</strong> no difference between two politics.</li><li>pupils quickly <strong>discern</strong> what is acceptable to the teacher.</li><li>He is incapable of <strong>discerning</strong> right from wrong.</li></ol>', 'comfortable', 'verb', '<p><strong>To distinguish mentally; recognize as distinct or different; discriminate</strong></p>', '', 'discerner', '', '', 'meaning', '2016-09-23'),
(5, 'aesthetic', '', '<ol><li>Painting is needed to control corrosion, as well as for its&nbsp;<strong>aesthetic</strong>&nbsp;appeal and general maintenance, he said.</li><li>Those who are familiar with Fitbit&rsquo;s products will find the overall design and<strong>aesthetic</strong>&nbsp;similar to the company&rsquo;s previous offerings.</li></ol>', 'hard', 'adjective', '<p><strong>Beauty or appreciation of beauty (saundarya)</strong></p>', '', 'Aesthetic', '', '', 'meaning', '2016-09-23'),
(6, 'maddening', 'Annoyning', '<ol><li>She has a <strong>maddening</strong> habit of interrupting me when i am talking to her.</li></ol>', 'comfortable', 'adjective', '<ol><li><strong>making you angry</strong></li><li><strong>If something annoys you a lot, it&#39;s maddening</strong></li></ol>', 'maddeningly', '', '', '', 'meaning , pronunciation', '2016-09-22'),
(7, 'deft', 'Skilled, talented and able', '<ol><li>Her movements were <strong>deft</strong> and quick.</li><li>She answered the journalist&#39;s questions with a <strong>deft</strong> touch.</li><li>He is very <strong>deft</strong> at handling awkward situation.</li><li>He deftly (Adverb =&gt; Skillfully) caught the ball.</li></ol>', 'comfortable', 'adjective', '<p><strong>skillfull, clever or quick</strong></p>', 'deftly', 'deftness', '', '', 'meaning', '2016-09-22'),
(8, 'bizarre', 'Strange, suspicious and unnatural', '<ol><li>What she was saying was rather <strong>bizarre</strong>.</li><li>A bizarre thought leaped into his mind.</li></ol>', 'hard', 'adjective', '<ol><li><strong>very strange and unsual</strong></li><li><strong>A person, object or situation that is very odd or unusual in appearance, style or character.</strong></li></ol>', 'bizarrely', 'bizarreness', '', '', 'meaning , pronunciation', '2016-09-19'),
(9, 'perverse', 'strange, suspicious and unnatural', '<ol><li>Jack was being <strong>perverse</strong> and refusing to agree with anything we said.</li><li>She took a <strong>perverse</strong> pleasure in hearing that her sister was getting divorced.</li><li>The best way to understand this book is to start, <strong>perversely</strong>, at the end.</li><li>The auther of the book seems to be obsessed (too interested) with sexual <strong>perversity.</strong></li></ol>', 'hard', 'adjective', '<p><strong>Strange and not what other people would expect or enjoy.</strong></p>', 'perversely', 'perversity', '', '', 'meaning , pronunciation', '2016-09-19'),
(10, 'magnate', 'Bossed and managers', '<ol><li>One woman shouted out that the real estate&nbsp;<strong>magnate</strong>&nbsp;had used discriminatory housing practices in his buildings.</li><li>The property&nbsp;<strong>magnate</strong>&nbsp;recently drew sharp criticism when he urged Russia to dig up the emails that Mrs Clinton deleted from her email server.</li><li>In addition to Mr. Hearst, the newspaper&nbsp;<strong>magnate</strong>, the mansion was later owned by actress Marion Davies.</li></ol>', 'comfortable', 'noun', '<p><strong>A person who is very rich and successful in business or industry.</strong></p>', '', '', '', '', 'meaning', '2016-09-22'),
(11, 'pacify', 'Calming and relaxing', '<ol><li>It was difficult for the police to <strong>pacify</strong> the angry crowd.</li><li>If you are bringing peace or calm to a state of unrest, you are&nbsp;<strong>pacifying</strong> the&nbsp;situation.</li><li>The group added that, &ldquo;We expect that our elected officials will stop&nbsp;<strong>pacifying</strong>&nbsp;and take us seriously.&rdquo;</li></ol>', 'comfortable', 'verb', '<p><strong>to cause someone who is angry or upset to be clam and satisfied.</strong></p>', '', 'pacification', '', '', 'meaning', '2016-09-22'),
(12, 'ostensible', '', '<ol><li>Their <strong>oestensible</strong> goal was to clean up government corruption, but their real aim was to unseat the government.</li><li>He has spent the past three moths in Florida, <strong>ostensibly</strong> for medical treatment, but in actual fact to avoid prosecution (abhiyog).</li></ol>', 'hard', 'adjective', '<p><strong>appearing or claiming to be one thing when it is really something else.</strong></p>', 'ostensibly', '', '', '', 'meaning', '2016-09-19'),
(13, 'mire ', '', '<ol><li>We must not be drawn into the <strong>mire</strong> of civil war.</li><li>&ldquo;the country is still trying to climb out of the&nbsp;<strong>mire</strong>&nbsp;left by its previous president&rdquo;</li></ol>', 'comfortable', 'noun', '<p><strong>an unpleasent situation that is difficult to escape.</strong></p>', '', '', '', 'miry', 'meaning , pronunciation', '2016-09-23'),
(14, 'mitigate', '', '<ol><li>You can&nbsp;<strong><em>mitigate</em></strong>&nbsp;your parents&#39; anger by telling them you were late to dinner because you were helping your elderly neighbor.</li><li>&nbsp;<strong>mitigating</strong>&nbsp;the dangers</li><li><strong>mitigate</strong>&nbsp;pollution.</li><li><strong>mitigate</strong>&nbsp;the issue</li><li><strong>mitigate</strong>&nbsp;the impact</li></ol>', 'comfortable', 'verb', '<ol><li><strong>to make something less harmfull, unpleasent or bad</strong></li><li><strong>Making things better</strong></li></ol>', '', 'mitigation', '', '', 'meaning', '2016-09-19'),
(15, 'oust', '', '<ul><li>The&nbsp;<a href="http://dictionary.cambridge.org/dictionary/english/president">president</a>&nbsp;was ousted (from&nbsp;<a href="http://dictionary.cambridge.org/dictionary/english/power">power</a>) in a&nbsp;<a href="http://dictionary.cambridge.org/dictionary/english/military">military</a>&nbsp;<a href="http://dictionary.cambridge.org/dictionary/english/coup">coup</a>&nbsp;in&nbsp;<a href="http://dictionary.cambridge.org/dictionary/english/january">January</a>&nbsp;1987.</li><li>Police are&nbsp;<a href="http://dictionary.cambridge.org/dictionary/english/trying">trying</a>&nbsp;to oust&nbsp;<a href="http://dictionary.cambridge.org/dictionary/english/drug">drug</a>&nbsp;<a href="http://dictionary.cambridge.org/dictionary/english/dealer">dealers</a>&nbsp;from&nbsp;the&nbsp;<a href="http://dictionary.cambridge.org/dictionary/english/city">city</a>&nbsp;.</li><li>Last year&#39;s NCAA&nbsp;<a href="http://dictionary.cambridge.org/dictionary/english/winner">winners</a>&nbsp;have been ousted&nbsp;from&nbsp;the&nbsp;<a href="http://dictionary.cambridge.org/dictionary/english/tournament">tournament</a>.</li></ul><p><strong>More Examples</strong></p><ul><li>They&nbsp;<a href="http://dictionary.cambridge.org/dictionary/english/offer">offered</a>&nbsp;<a href="http://dictionary.cambridge.org/dictionary/english/voter">voters</a>&nbsp;a&nbsp;<a href="http://dictionary.cambridge.org/dictionary/english/massive">massive</a>&nbsp;<a href="http://dictionary.cambridge.org/dictionary/english/inducement">inducement</a>&nbsp;to oust the&nbsp;<a href="http://dictionary.cambridge.org/dictionary/english/president">president</a>&nbsp;by&nbsp;<a href="http://dictionary.cambridge.org/dictionary/english/announce">announcing</a>&nbsp;that&nbsp;<a href="http://dictionary.cambridge.org/dictionary/english/sanction">sanctions</a>would be&nbsp;<a href="http://dictionary.cambridge.org/dictionary/english/lift">lifted</a>&nbsp;if there was &#39;<a href="http://dictionary.cambridge.org/dictionary/english/democratic">democratic</a>&nbsp;<a href="http://dictionary.cambridge.org/dictionary/english/change">change</a>&#39;.</li><li>He was ousted from the&nbsp;<a href="http://dictionary.cambridge.org/dictionary/english/club">club</a>&nbsp;for&nbsp;<a href="http://dictionary.cambridge.org/dictionary/english/violate">violating</a>&nbsp;<a href="http://dictionary.cambridge.org/dictionary/english/its">its</a>&nbsp;<a href="http://dictionary.cambridge.org/dictionary/english/rule">rules</a>.</li><li>Traditional&nbsp;<a href="http://dictionary.cambridge.org/dictionary/english/farming">farming</a>&nbsp;<a href="http://dictionary.cambridge.org/dictionary/english/pattern">patterns</a>&nbsp;have been ousted by&nbsp;<a href="http://dictionary.cambridge.org/dictionary/english/modern">modern</a>&nbsp;<a href="http://dictionary.cambridge.org/dictionary/english/method">methods</a>.</li><li>It&nbsp;<a href="http://dictionary.cambridge.org/dictionary/english/prove">proved</a>&nbsp;<a href="http://dictionary.cambridge.org/dictionary/english/impossible">impossible</a>&nbsp;to oust him from&nbsp;<a href="http://dictionary.cambridge.org/dictionary/english/power">power</a>.</li><li>The&nbsp;<a href="http://dictionary.cambridge.org/dictionary/english/rebel">rebels</a>&nbsp;are&nbsp;<a href="http://dictionary.cambridge.org/dictionary/english/intent">intent</a>&nbsp;on ousting the&nbsp;<a href="http://dictionary.cambridge.org/dictionary/english/dictator">dictator</a>.</li></ul>', 'comfortable', 'verb', '<p><strong>to force someone to leave a position of power, job, place, or competition</strong></p>', '', '', '', '', 'meaning , pronunciation', '2016-09-23'),
(16, 'fatuous', 'stupid, silly', '<ol><li>A <strong>fatuous</strong> idea</li></ol>', 'comfortable', 'adjective', '<p><strong>stupid, not correct or not carefully thought about</strong></p>', 'fatuously', 'fatuousness', '', '', 'meaning , pronunciation', '2016-09-23'),
(17, 'plead', 'beg', '<ol><li>A 12-year-old boy has pleaded not guilty to raping a young girl in a toilet block at a Sydney school.</li><li>&quot;she&nbsp;<strong>pleaded with</strong>&nbsp;them not to gag the boy</li></ol>', 'hard', 'verb', 'make emotional appeal', '', '', '', '', 'meaning', '2016-09-22'),
(18, 'struck (strike)', 'attack', '<p>Rob Bredl, 66, was in the middle of a feeding demonstration at Bredl&#39;s Wild Farm at Bloomsbury, north of Mackay, when the animal struck just after noon on Thursday.</p>', 'hard', 'verb', '<p>sudden attack</p>', '', '', '', '', 'meaning', '2016-09-23'),
(19, 'bystander', '', '<p>a person who is present at an event or incident but does not take part.</p>', 'hard', 'noun', 'a person who is present at an event or incident but does not take part.', '', '', '', '', 'meaning', '2016-09-22'),
(20, 'submerge', '', '<p>houses had been flooded and cars submerged</p>', 'hard', 'verb', 'cause (something) to be under water.', '', '', '', '', 'meaning', '2016-09-22'),
(21, 'cure', '', '<ol><li>At one&nbsp;<a href="http://dictionary.cambridge.org/dictionary/english/time">time</a>&nbsp;<a href="http://dictionary.cambridge.org/dictionary/english/doctor">doctors</a>&nbsp;couldn&#39;t cure</li><li>The&nbsp;<a href="http://dictionary.cambridge.org/dictionary/english/president">president</a>&nbsp;and his&nbsp;<a href="http://dictionary.cambridge.org/dictionary/english/adviser">advisors</a>&nbsp;<a href="http://dictionary.cambridge.org/dictionary/english/meet">meet</a>&nbsp;this&nbsp;<a href="http://dictionary.cambridge.org/dictionary/english/week">week</a>&nbsp;to<a href="http://dictionary.cambridge.org/dictionary/english/discuss">discuss</a>&nbsp;how to cure&nbsp;<a href="http://dictionary.cambridge.org/dictionary/english/inflation">inflation</a>.</li></ol>', 'comfortable', 'verb', 'to make someone with an illness healthy again OR to solve a problem:', '', '', '', '', 'meaning', '2016-09-22'),
(22, 'amid', 'among', '<ol><li>Her&nbsp;<a href="http://dictionary.cambridge.org/dictionary/english/office">office</a>&nbsp;was an&nbsp;<a href="http://dictionary.cambridge.org/dictionary/english/oasis">oasis</a>&nbsp;of&nbsp;<a href="http://dictionary.cambridge.org/dictionary/english/peace">peace</a>&nbsp;and&nbsp;<a href="http://dictionary.cambridge.org/dictionary/english/sanity">sanity</a>&nbsp;amid the&nbsp;<a href="http://dictionary.cambridge.org/dictionary/english/surround">surrounding</a>&nbsp;<a href="http://dictionary.cambridge.org/dictionary/english/chaos">chaos</a>.</li><li>The&nbsp;<a href="http://dictionary.cambridge.org/dictionary/english/actor">actors</a>&nbsp;made&nbsp;<a href="http://dictionary.cambridge.org/dictionary/english/their">their</a>&nbsp;<a href="http://dictionary.cambridge.org/dictionary/english/bow">bows</a>&nbsp;amid&nbsp;<a href="http://dictionary.cambridge.org/dictionary/english/great">great</a>&nbsp;<a href="http://dictionary.cambridge.org/dictionary/english/applause">applause</a>.</li></ol>', 'hard', '', 'in the middle of or surrounded by ', '', '', '', '', 'meaning , pronunciation', '2016-09-22'),
(23, 'protest', '', '<ol><li><p>a&nbsp;<a href="http://dictionary.cambridge.org/dictionary/english/public">public</a>&nbsp;protest&nbsp;against&nbsp;the&nbsp;<a href="http://dictionary.cambridge.org/dictionary/english/war">war</a></p></li></ol><p>&nbsp;</p><p>a&nbsp;<a href="http://dictionary.cambridge.org/dictionary/english/peaceful">peaceful</a>/<a href="http://dictionary.cambridge.org/dictionary/english/violent">violent</a>&nbsp;protest</p><ol><li><p>A&nbsp;<a href="http://dictionary.cambridge.org/dictionary/english/big">big</a>&nbsp;<a href="http://dictionary.cambridge.org/dictionary/english/crowd">crowd</a>&nbsp;of&nbsp;<a href="http://dictionary.cambridge.org/dictionary/english/demonstrator">demonstrators</a>&nbsp;were protesting&nbsp;against&nbsp;<a href="http://dictionary.cambridge.org/dictionary/english/cut">cuts</a>&nbsp;in&nbsp;<a href="http://dictionary.cambridge.org/dictionary/english/health">health</a><a href="http://dictionary.cambridge.org/dictionary/english/spending">spending</a>. (Verb)</p></li></ol><p>&nbsp;</p>', 'hard', 'noun', '<p>a strong complaint expressing disagreement, disapproval, or opposition :::&nbsp;</p><p><strong>an&nbsp;<a href="http://dictionary.cambridge.org/dictionary/english/occasion">occasion</a>&nbsp;when&nbsp;<a href="http://dictionary.cambridge.org/dictionary/english/people">people</a>&nbsp;show that they&nbsp;<a href="http://dictionary.cambridge.org/dictionary/english/disagree">disagree</a>&nbsp;with something by&nbsp;<a href="http://dictionary.cambridge.org/dictionary/english/standing">standing</a>&nbsp;<a href="http://dictionary.cambridge.org/dictionary/english/somewhere">somewhere</a>,&nbsp;<a href="http://dictionary.cambridge.org/dictionary/english/shouting">shouting</a>,&nbsp;<a href="http://dictionary.cambridge.org/dictionary/english/carry">carrying</a>&nbsp;<a href="http://dictionary.cambridge.org/dictionary/english/sign">signs</a>, etc</strong></p>', '', '', 'protest', '', 'meaning', '2016-09-22'),
(24, 'spark', '', '<ol><li>His&nbsp;<a href="http://dictionary.cambridge.org/dictionary/english/speech">speech</a>&nbsp;was the spark for&nbsp;<a href="http://dictionary.cambridge.org/dictionary/english/major">major</a>&nbsp;<a href="http://dictionary.cambridge.org/dictionary/english/riot">riots</a>.</li><li>Her&nbsp;<a href="http://dictionary.cambridge.org/dictionary/english/letter">letter</a>&nbsp;was the spark that&nbsp;<a href="http://dictionary.cambridge.org/dictionary/english/drove">drove</a>&nbsp;him to&nbsp;<a href="http://dictionary.cambridge.org/dictionary/english/commit">commit</a>&nbsp;<a href="http://dictionary.cambridge.org/dictionary/english/murder">murder</a>.</li></ol>', 'hard', 'noun', 'a first small event or problem that causes a much worse situation to develop', '', '', '', '', 'meaning', '2016-09-22'),
(25, 'eternally', '', '', 'hard', '', '', '', '', '', '', 'meaning , pronunciation', '2016-09-23');

CREATE TABLE IF NOT EXISTS mainsection (
  id int(11) NOT NULL AUTO_INCREMENT,
  name varchar(100) NOT NULL,
  PRIMARY KEY (id)
);

Insert Into mainsection values 
(1,"Web Technology"),
(2,"Programming Languages"),
(3,"Mobile Apps");

CREATE TABLE IF NOT EXISTS secondsection (
  id int(11) NOT NULL AUTO_INCREMENT,
  name varchar(100) NOT NULL,
  mainsectionId int(11),
  PRIMARY KEY (id),
  Foreign KEY (mainsectionId)
  			REFERENCES mainsection(id)
  
);

INSERT INTO secondsection values
(1, "HTML",1),
(2,"CSS", 1),
(3,"JavaScript",1),
(4,"JQuery",1),
(5, "JSon",1),
(6,"AJax",1),
(7,"ASP.NET MVC",1),
(8,"PHP",1),
(9,"Java",2),
(10,"Swift",2),
(11,"C#",2),
(12,"Android",3),
(13,"IOS",3);
CREATE TABLE IF NOT EXISTS subsection (
  id int(11) NOT NULL AUTO_INCREMENT,
  name varchar(100) NOT NULL,
  secondsectionId int(11),
  PRIMARY KEY (id),
  Foreign KEY (secondsectionId)
  			REFERENCES secondsection(id)
  
);
/*!40101 SET CHARACTER_SET_CLIENT=@OLD_CHARACTER_SET_CLIENT */;
/*!40101 SET CHARACTER_SET_RESULTS=@OLD_CHARACTER_SET_RESULTS */;
/*!40101 SET COLLATION_CONNECTION=@OLD_COLLATION_CONNECTION */;
